id,kitab,arab,terjemah,english,Perawi,Matan,top_tema,tema,surahNomorAyat,ayatQuran,terjemahQuran,persentase
50,musnad_syafii,مسند الشافعي 50: أَخْبَرَنَا عَبْدُ الْعَزِيزِ بْنُ مُحَمَّدٍ، عَنْ زَيْدِ بْنِ أَسْلَمَ، عَنْ عَطَاءِ بْنِ يَسَارٍ، عَنِ ابْنِ عَبَّاسٍ رَضِيَ اللَّهُ عَنْهُمَا قَالَ: تَوَضَّأَ رَسُولُ اللَّهِ صَلَّى اللهُ عَلَيْهِ وَسَلَّمَ فَأَدْخَلَ يَدَهُ فِي الْإِنَاءِ، فَاسْتَنْشَقَ وَمَضْمَضَ مَرَّةً وَاحِدَةً، ثُمَّ أَدْخَلَ يَدَهُ، وَصَبَّ عَلَى وَجْهِهِ مَرَّةً وَاحِدَةً، وَصَبَّ عَلَى يَدَيْهِ مَرَّةً وَاحِدَةً، وَمَسَحَ رَأْسَهُ وَأُذُنَيْهِ مَرَّةً وَاحِدَةً,"Abdul Aziz bin Muhammad mengabarkan kepada kami dari Zaid bin Aslam, dari Atha bin Yasar, dari Ibnu Abbas , ia terkata, “Rasulullah  berwudhu, untuk itu beliau memasukkan tangannya ke dalam wadah, lalu ber-istinsyaq dan berkumur sekaligus. Kemudian memasukkan tangannya dan menuangkan air ke wajahnya dengan sekali siram, lalu menuangkan air di kedua tangannya sekali, lalu mengusap kepala dan kedua telinganya dengan sekali usap.” 57","Abdul Aziz bin Muhammad reported to us from Zaid bin Aslam, from Atha bin Yasar, from Ibn Abbas, he said, ""The Messenger of Allah performed ablution, for this he put his hands into a container, then did istinshaq and rinsed his mouth at the same time. Then he put his hand in and poured the water over his face in one stroke, then poured the water over both his hands once, then wiped his head and both ears in one stroke.” 57","['Abdul Aziz bin Muhammad', 'Zaid bin Aslam', 'Atha bin Yasar', 'Ibn Abbas']","“Rasulullah berwudhu, untuk itu beliau memasukkan tangannya ke dalam sebuah wadah, lalu beristinshaq dan sekaligus berkumur. Kemudian beliau memasukkan tangannya ke dalam dan menuangkan air tersebut ke wajahnya dalam sekali usapan, lalu menuangkannya siramlah kedua tangannya satu kali, lalu usaplah kepala dan kedua telinganya dengan sekali usap.” 57",1,Arkanul Islam,69:30,خُذُوهُ فَغُلُّوهُ,(Allah berfirman): Peganglah dia lalu belenggulah tangannya ke lehernya.,23.95%
50,musnad_syafii,مسند الشافعي 50: أَخْبَرَنَا عَبْدُ الْعَزِيزِ بْنُ مُحَمَّدٍ، عَنْ زَيْدِ بْنِ أَسْلَمَ، عَنْ عَطَاءِ بْنِ يَسَارٍ، عَنِ ابْنِ عَبَّاسٍ رَضِيَ اللَّهُ عَنْهُمَا قَالَ: تَوَضَّأَ رَسُولُ اللَّهِ صَلَّى اللهُ عَلَيْهِ وَسَلَّمَ فَأَدْخَلَ يَدَهُ فِي الْإِنَاءِ، فَاسْتَنْشَقَ وَمَضْمَضَ مَرَّةً وَاحِدَةً، ثُمَّ أَدْخَلَ يَدَهُ، وَصَبَّ عَلَى وَجْهِهِ مَرَّةً وَاحِدَةً، وَصَبَّ عَلَى يَدَيْهِ مَرَّةً وَاحِدَةً، وَمَسَحَ رَأْسَهُ وَأُذُنَيْهِ مَرَّةً وَاحِدَةً,"Abdul Aziz bin Muhammad mengabarkan kepada kami dari Zaid bin Aslam, dari Atha bin Yasar, dari Ibnu Abbas , ia terkata, “Rasulullah  berwudhu, untuk itu beliau memasukkan tangannya ke dalam wadah, lalu ber-istinsyaq dan berkumur sekaligus. Kemudian memasukkan tangannya dan menuangkan air ke wajahnya dengan sekali siram, lalu menuangkan air di kedua tangannya sekali, lalu mengusap kepala dan kedua telinganya dengan sekali usap.” 57","Abdul Aziz bin Muhammad reported to us from Zaid bin Aslam, from Atha bin Yasar, from Ibn Abbas, he said, ""The Messenger of Allah performed ablution, for this he put his hands into a container, then did istinshaq and rinsed his mouth at the same time. Then he put his hand in and poured the water over his face in one stroke, then poured the water over both his hands once, then wiped his head and both ears in one stroke.” 57","['Abdul Aziz bin Muhammad', 'Zaid bin Aslam', 'Atha bin Yasar', 'Ibn Abbas']","“Rasulullah berwudhu, untuk itu beliau memasukkan tangannya ke dalam sebuah wadah, lalu beristinshaq dan sekaligus berkumur. Kemudian beliau memasukkan tangannya ke dalam dan menuangkan air tersebut ke wajahnya dalam sekali usapan, lalu menuangkannya siramlah kedua tangannya satu kali, lalu usaplah kepala dan kedua telinganya dengan sekali usap.” 57",1,Iman,69:30,خُذُوهُ فَغُلُّوهُ,(Allah berfirman): Peganglah dia lalu belenggulah tangannya ke lehernya.,23.95%
50,musnad_syafii,مسند الشافعي 50: أَخْبَرَنَا عَبْدُ الْعَزِيزِ بْنُ مُحَمَّدٍ، عَنْ زَيْدِ بْنِ أَسْلَمَ، عَنْ عَطَاءِ بْنِ يَسَارٍ، عَنِ ابْنِ عَبَّاسٍ رَضِيَ اللَّهُ عَنْهُمَا قَالَ: تَوَضَّأَ رَسُولُ اللَّهِ صَلَّى اللهُ عَلَيْهِ وَسَلَّمَ فَأَدْخَلَ يَدَهُ فِي الْإِنَاءِ، فَاسْتَنْشَقَ وَمَضْمَضَ مَرَّةً وَاحِدَةً، ثُمَّ أَدْخَلَ يَدَهُ، وَصَبَّ عَلَى وَجْهِهِ مَرَّةً وَاحِدَةً، وَصَبَّ عَلَى يَدَيْهِ مَرَّةً وَاحِدَةً، وَمَسَحَ رَأْسَهُ وَأُذُنَيْهِ مَرَّةً وَاحِدَةً,"Abdul Aziz bin Muhammad mengabarkan kepada kami dari Zaid bin Aslam, dari Atha bin Yasar, dari Ibnu Abbas , ia terkata, “Rasulullah  berwudhu, untuk itu beliau memasukkan tangannya ke dalam wadah, lalu ber-istinsyaq dan berkumur sekaligus. Kemudian memasukkan tangannya dan menuangkan air ke wajahnya dengan sekali siram, lalu menuangkan air di kedua tangannya sekali, lalu mengusap kepala dan kedua telinganya dengan sekali usap.” 57","Abdul Aziz bin Muhammad reported to us from Zaid bin Aslam, from Atha bin Yasar, from Ibn Abbas, he said, ""The Messenger of Allah performed ablution, for this he put his hands into a container, then did istinshaq and rinsed his mouth at the same time. Then he put his hand in and poured the water over his face in one stroke, then poured the water over both his hands once, then wiped his head and both ears in one stroke.” 57","['Abdul Aziz bin Muhammad', 'Zaid bin Aslam', 'Atha bin Yasar', 'Ibn Abbas']","“Rasulullah berwudhu, untuk itu beliau memasukkan tangannya ke dalam sebuah wadah, lalu beristinshaq dan sekaligus berkumur. Kemudian beliau memasukkan tangannya ke dalam dan menuangkan air tersebut ke wajahnya dalam sekali usapan, lalu menuangkannya siramlah kedua tangannya satu kali, lalu usaplah kepala dan kedua telinganya dengan sekali usap.” 57",2,Arkanul Islam,57:6,يُولِجُ اللَّيْلَ فِي النَّهَارِ وَيُولِجُ النَّهَارَ فِي اللَّيْلِ ۚ وَهُوَ عَلِيمٌ بِذَاتِ الصُّدُورِ,Dialah yang memasukkan malam ke dalam siang dan memasukkan siang ke dalam malam. Dan Dia Maha Mengetahui segala isi hati.,23.22%
50,musnad_syafii,مسند الشافعي 50: أَخْبَرَنَا عَبْدُ الْعَزِيزِ بْنُ مُحَمَّدٍ، عَنْ زَيْدِ بْنِ أَسْلَمَ، عَنْ عَطَاءِ بْنِ يَسَارٍ، عَنِ ابْنِ عَبَّاسٍ رَضِيَ اللَّهُ عَنْهُمَا قَالَ: تَوَضَّأَ رَسُولُ اللَّهِ صَلَّى اللهُ عَلَيْهِ وَسَلَّمَ فَأَدْخَلَ يَدَهُ فِي الْإِنَاءِ، فَاسْتَنْشَقَ وَمَضْمَضَ مَرَّةً وَاحِدَةً، ثُمَّ أَدْخَلَ يَدَهُ، وَصَبَّ عَلَى وَجْهِهِ مَرَّةً وَاحِدَةً، وَصَبَّ عَلَى يَدَيْهِ مَرَّةً وَاحِدَةً، وَمَسَحَ رَأْسَهُ وَأُذُنَيْهِ مَرَّةً وَاحِدَةً,"Abdul Aziz bin Muhammad mengabarkan kepada kami dari Zaid bin Aslam, dari Atha bin Yasar, dari Ibnu Abbas , ia terkata, “Rasulullah  berwudhu, untuk itu beliau memasukkan tangannya ke dalam wadah, lalu ber-istinsyaq dan berkumur sekaligus. Kemudian memasukkan tangannya dan menuangkan air ke wajahnya dengan sekali siram, lalu menuangkan air di kedua tangannya sekali, lalu mengusap kepala dan kedua telinganya dengan sekali usap.” 57","Abdul Aziz bin Muhammad reported to us from Zaid bin Aslam, from Atha bin Yasar, from Ibn Abbas, he said, ""The Messenger of Allah performed ablution, for this he put his hands into a container, then did istinshaq and rinsed his mouth at the same time. Then he put his hand in and poured the water over his face in one stroke, then poured the water over both his hands once, then wiped his head and both ears in one stroke.” 57","['Abdul Aziz bin Muhammad', 'Zaid bin Aslam', 'Atha bin Yasar', 'Ibn Abbas']","“Rasulullah berwudhu, untuk itu beliau memasukkan tangannya ke dalam sebuah wadah, lalu beristinshaq dan sekaligus berkumur. Kemudian beliau memasukkan tangannya ke dalam dan menuangkan air tersebut ke wajahnya dalam sekali usapan, lalu menuangkannya siramlah kedua tangannya satu kali, lalu usaplah kepala dan kedua telinganya dengan sekali usap.” 57",2,Cabang-cabang Ilmu,57:6,يُولِجُ اللَّيْلَ فِي النَّهَارِ وَيُولِجُ النَّهَارَ فِي اللَّيْلِ ۚ وَهُوَ عَلِيمٌ بِذَاتِ الصُّدُورِ,Dialah yang memasukkan malam ke dalam siang dan memasukkan siang ke dalam malam. Dan Dia Maha Mengetahui segala isi hati.,23.22%
50,musnad_syafii,مسند الشافعي 50: أَخْبَرَنَا عَبْدُ الْعَزِيزِ بْنُ مُحَمَّدٍ، عَنْ زَيْدِ بْنِ أَسْلَمَ، عَنْ عَطَاءِ بْنِ يَسَارٍ، عَنِ ابْنِ عَبَّاسٍ رَضِيَ اللَّهُ عَنْهُمَا قَالَ: تَوَضَّأَ رَسُولُ اللَّهِ صَلَّى اللهُ عَلَيْهِ وَسَلَّمَ فَأَدْخَلَ يَدَهُ فِي الْإِنَاءِ، فَاسْتَنْشَقَ وَمَضْمَضَ مَرَّةً وَاحِدَةً، ثُمَّ أَدْخَلَ يَدَهُ، وَصَبَّ عَلَى وَجْهِهِ مَرَّةً وَاحِدَةً، وَصَبَّ عَلَى يَدَيْهِ مَرَّةً وَاحِدَةً، وَمَسَحَ رَأْسَهُ وَأُذُنَيْهِ مَرَّةً وَاحِدَةً,"Abdul Aziz bin Muhammad mengabarkan kepada kami dari Zaid bin Aslam, dari Atha bin Yasar, dari Ibnu Abbas , ia terkata, “Rasulullah  berwudhu, untuk itu beliau memasukkan tangannya ke dalam wadah, lalu ber-istinsyaq dan berkumur sekaligus. Kemudian memasukkan tangannya dan menuangkan air ke wajahnya dengan sekali siram, lalu menuangkan air di kedua tangannya sekali, lalu mengusap kepala dan kedua telinganya dengan sekali usap.” 57","Abdul Aziz bin Muhammad reported to us from Zaid bin Aslam, from Atha bin Yasar, from Ibn Abbas, he said, ""The Messenger of Allah performed ablution, for this he put his hands into a container, then did istinshaq and rinsed his mouth at the same time. Then he put his hand in and poured the water over his face in one stroke, then poured the water over both his hands once, then wiped his head and both ears in one stroke.” 57","['Abdul Aziz bin Muhammad', 'Zaid bin Aslam', 'Atha bin Yasar', 'Ibn Abbas']","“Rasulullah berwudhu, untuk itu beliau memasukkan tangannya ke dalam sebuah wadah, lalu beristinshaq dan sekaligus berkumur. Kemudian beliau memasukkan tangannya ke dalam dan menuangkan air tersebut ke wajahnya dalam sekali usapan, lalu menuangkannya siramlah kedua tangannya satu kali, lalu usaplah kepala dan kedua telinganya dengan sekali usap.” 57",3,Arkanul Islam,74:42,مَا سَلَكَكُمْ فِي سَقَرَ,Apakah yang memasukkan kamu ke dalam Saqar (neraka)?,22.38%
85,musnad_syafii,مسند الشافعي 85: أَخْبَرَنَا عَبْدُ الْمَجِيدِ بْنُ عَبْدِ الْعَزِيزِ، عَنِ ابْنِ جُرَيْجٍ، أَخْبَرَنِي أَبُو الزُّبَيْرِ، أَنَّهُ سَمِعَ جَابِرَ بْنَ عَبْدِ اللَّهِ يَقُولُ: رَأَيْتُ رَسُولَ اللَّهِ صَلَّى اللهُ عَلَيْهِ وَسَلَّمَ يُصَلِّي وَهُوَ عَلَى رَاحِلَتِهِ النَّوَافِلَ فِي كُلِّ جِهَةٍ,"Abdul Majid bin Abdul Aziz mengabarkan kepada kami dari Ibnu Juraij, Abu Az-Zubair mengabarkan kepada kami bahwa ia pemah mendengar Jabir bin Abdullah berkata:

Aku pernah melihat Rasulullah SAW melakukan shalat sunah di atas kendaraannya dengan menghadap ke semua arah. 92","Abdul Majid bin Abdul Aziz reported to us from Ibn Juraij, Abu Az-Zubair reported to us that he had heard Jabir bin Abdullah say:

I once saw Rasulullah SAW performing sunnah prayers on his vehicle facing all directions. 92","['Abdul Majid bin Abdul Aziz', 'Ibn Juraij', 'Abu Az-Zubair', 'Jabir bin Abdullah']",Saya pernah melihat Rasulullah SAW menunaikan shalat sunnah di atas kendaraannya menghadap ke segala arah. 92,1,Arkanul Islam,8:48,وَإِذْ زَيَّنَ لَهُمُ الشَّيْطَانُ أَعْمَالَهُمْ وَقَالَ لَا غَالِبَ لَكُمُ الْيَوْمَ مِنَ النَّاسِ وَإِنِّي جَارٌ لَكُمْ ۖ فَلَمَّا تَرَاءَتِ الْفِئَتَانِ نَكَصَ عَلَىٰ عَقِبَيْهِ وَقَالَ إِنِّي بَرِيءٌ مِنْكُمْ إِنِّي أَرَىٰ مَا لَا تَرَوْنَ إِنِّي أَخَافُ اللَّهَ ۚ وَاللَّهُ شَدِيدُ الْعِقَابِ,Dan ketika setan menjadikan mereka memandang baik pekerjaan mereka dan mengatakan: Tidak ada seorang manusia pun yang dapat menang terhadap kamu pada hari ini dan sesungguhnya saya ini adalah pelindungmu. Maka tatkala kedua pasukan itu telah dapat saling lihat melihat (berhadapan) setan itu balik ke belakang seraya berkata: Sesungguhnya saya berlepas diri daripada kamu sesungguhnya saya dapat melihat apa yang kamu sekalian tidak dapat melihat sesungguhnya saya takut kepada Allah. Dan Allah sangat keras siksa-Nya.,18.74%
85,musnad_syafii,مسند الشافعي 85: أَخْبَرَنَا عَبْدُ الْمَجِيدِ بْنُ عَبْدِ الْعَزِيزِ، عَنِ ابْنِ جُرَيْجٍ، أَخْبَرَنِي أَبُو الزُّبَيْرِ، أَنَّهُ سَمِعَ جَابِرَ بْنَ عَبْدِ اللَّهِ يَقُولُ: رَأَيْتُ رَسُولَ اللَّهِ صَلَّى اللهُ عَلَيْهِ وَسَلَّمَ يُصَلِّي وَهُوَ عَلَى رَاحِلَتِهِ النَّوَافِلَ فِي كُلِّ جِهَةٍ,"Abdul Majid bin Abdul Aziz mengabarkan kepada kami dari Ibnu Juraij, Abu Az-Zubair mengabarkan kepada kami bahwa ia pemah mendengar Jabir bin Abdullah berkata:

Aku pernah melihat Rasulullah SAW melakukan shalat sunah di atas kendaraannya dengan menghadap ke semua arah. 92","Abdul Majid bin Abdul Aziz reported to us from Ibn Juraij, Abu Az-Zubair reported to us that he had heard Jabir bin Abdullah say:

I once saw Rasulullah SAW performing sunnah prayers on his vehicle facing all directions. 92","['Abdul Majid bin Abdul Aziz', 'Ibn Juraij', 'Abu Az-Zubair', 'Jabir bin Abdullah']",Saya pernah melihat Rasulullah SAW menunaikan shalat sunnah di atas kendaraannya menghadap ke segala arah. 92,1,Iman,8:48,وَإِذْ زَيَّنَ لَهُمُ الشَّيْطَانُ أَعْمَالَهُمْ وَقَالَ لَا غَالِبَ لَكُمُ الْيَوْمَ مِنَ النَّاسِ وَإِنِّي جَارٌ لَكُمْ ۖ فَلَمَّا تَرَاءَتِ الْفِئَتَانِ نَكَصَ عَلَىٰ عَقِبَيْهِ وَقَالَ إِنِّي بَرِيءٌ مِنْكُمْ إِنِّي أَرَىٰ مَا لَا تَرَوْنَ إِنِّي أَخَافُ اللَّهَ ۚ وَاللَّهُ شَدِيدُ الْعِقَابِ,Dan ketika setan menjadikan mereka memandang baik pekerjaan mereka dan mengatakan: Tidak ada seorang manusia pun yang dapat menang terhadap kamu pada hari ini dan sesungguhnya saya ini adalah pelindungmu. Maka tatkala kedua pasukan itu telah dapat saling lihat melihat (berhadapan) setan itu balik ke belakang seraya berkata: Sesungguhnya saya berlepas diri daripada kamu sesungguhnya saya dapat melihat apa yang kamu sekalian tidak dapat melihat sesungguhnya saya takut kepada Allah. Dan Allah sangat keras siksa-Nya.,18.74%
85,musnad_syafii,مسند الشافعي 85: أَخْبَرَنَا عَبْدُ الْمَجِيدِ بْنُ عَبْدِ الْعَزِيزِ، عَنِ ابْنِ جُرَيْجٍ، أَخْبَرَنِي أَبُو الزُّبَيْرِ، أَنَّهُ سَمِعَ جَابِرَ بْنَ عَبْدِ اللَّهِ يَقُولُ: رَأَيْتُ رَسُولَ اللَّهِ صَلَّى اللهُ عَلَيْهِ وَسَلَّمَ يُصَلِّي وَهُوَ عَلَى رَاحِلَتِهِ النَّوَافِلَ فِي كُلِّ جِهَةٍ,"Abdul Majid bin Abdul Aziz mengabarkan kepada kami dari Ibnu Juraij, Abu Az-Zubair mengabarkan kepada kami bahwa ia pemah mendengar Jabir bin Abdullah berkata:

Aku pernah melihat Rasulullah SAW melakukan shalat sunah di atas kendaraannya dengan menghadap ke semua arah. 92","Abdul Majid bin Abdul Aziz reported to us from Ibn Juraij, Abu Az-Zubair reported to us that he had heard Jabir bin Abdullah say:

I once saw Rasulullah SAW performing sunnah prayers on his vehicle facing all directions. 92","['Abdul Majid bin Abdul Aziz', 'Ibn Juraij', 'Abu Az-Zubair', 'Jabir bin Abdullah']",Saya pernah melihat Rasulullah SAW menunaikan shalat sunnah di atas kendaraannya menghadap ke segala arah. 92,1,Jihad,8:48,وَإِذْ زَيَّنَ لَهُمُ الشَّيْطَانُ أَعْمَالَهُمْ وَقَالَ لَا غَالِبَ لَكُمُ الْيَوْمَ مِنَ النَّاسِ وَإِنِّي جَارٌ لَكُمْ ۖ فَلَمَّا تَرَاءَتِ الْفِئَتَانِ نَكَصَ عَلَىٰ عَقِبَيْهِ وَقَالَ إِنِّي بَرِيءٌ مِنْكُمْ إِنِّي أَرَىٰ مَا لَا تَرَوْنَ إِنِّي أَخَافُ اللَّهَ ۚ وَاللَّهُ شَدِيدُ الْعِقَابِ,Dan ketika setan menjadikan mereka memandang baik pekerjaan mereka dan mengatakan: Tidak ada seorang manusia pun yang dapat menang terhadap kamu pada hari ini dan sesungguhnya saya ini adalah pelindungmu. Maka tatkala kedua pasukan itu telah dapat saling lihat melihat (berhadapan) setan itu balik ke belakang seraya berkata: Sesungguhnya saya berlepas diri daripada kamu sesungguhnya saya dapat melihat apa yang kamu sekalian tidak dapat melihat sesungguhnya saya takut kepada Allah. Dan Allah sangat keras siksa-Nya.,18.74%
85,musnad_syafii,مسند الشافعي 85: أَخْبَرَنَا عَبْدُ الْمَجِيدِ بْنُ عَبْدِ الْعَزِيزِ، عَنِ ابْنِ جُرَيْجٍ، أَخْبَرَنِي أَبُو الزُّبَيْرِ، أَنَّهُ سَمِعَ جَابِرَ بْنَ عَبْدِ اللَّهِ يَقُولُ: رَأَيْتُ رَسُولَ اللَّهِ صَلَّى اللهُ عَلَيْهِ وَسَلَّمَ يُصَلِّي وَهُوَ عَلَى رَاحِلَتِهِ النَّوَافِلَ فِي كُلِّ جِهَةٍ,"Abdul Majid bin Abdul Aziz mengabarkan kepada kami dari Ibnu Juraij, Abu Az-Zubair mengabarkan kepada kami bahwa ia pemah mendengar Jabir bin Abdullah berkata:

Aku pernah melihat Rasulullah SAW melakukan shalat sunah di atas kendaraannya dengan menghadap ke semua arah. 92","Abdul Majid bin Abdul Aziz reported to us from Ibn Juraij, Abu Az-Zubair reported to us that he had heard Jabir bin Abdullah say:

I once saw Rasulullah SAW performing sunnah prayers on his vehicle facing all directions. 92","['Abdul Majid bin Abdul Aziz', 'Ibn Juraij', 'Abu Az-Zubair', 'Jabir bin Abdullah']",Saya pernah melihat Rasulullah SAW menunaikan shalat sunnah di atas kendaraannya menghadap ke segala arah. 92,1,Akhlak,8:48,وَإِذْ زَيَّنَ لَهُمُ الشَّيْطَانُ أَعْمَالَهُمْ وَقَالَ لَا غَالِبَ لَكُمُ الْيَوْمَ مِنَ النَّاسِ وَإِنِّي جَارٌ لَكُمْ ۖ فَلَمَّا تَرَاءَتِ الْفِئَتَانِ نَكَصَ عَلَىٰ عَقِبَيْهِ وَقَالَ إِنِّي بَرِيءٌ مِنْكُمْ إِنِّي أَرَىٰ مَا لَا تَرَوْنَ إِنِّي أَخَافُ اللَّهَ ۚ وَاللَّهُ شَدِيدُ الْعِقَابِ,Dan ketika setan menjadikan mereka memandang baik pekerjaan mereka dan mengatakan: Tidak ada seorang manusia pun yang dapat menang terhadap kamu pada hari ini dan sesungguhnya saya ini adalah pelindungmu. Maka tatkala kedua pasukan itu telah dapat saling lihat melihat (berhadapan) setan itu balik ke belakang seraya berkata: Sesungguhnya saya berlepas diri daripada kamu sesungguhnya saya dapat melihat apa yang kamu sekalian tidak dapat melihat sesungguhnya saya takut kepada Allah. Dan Allah sangat keras siksa-Nya.,18.74%
85,musnad_syafii,مسند الشافعي 85: أَخْبَرَنَا عَبْدُ الْمَجِيدِ بْنُ عَبْدِ الْعَزِيزِ، عَنِ ابْنِ جُرَيْجٍ، أَخْبَرَنِي أَبُو الزُّبَيْرِ، أَنَّهُ سَمِعَ جَابِرَ بْنَ عَبْدِ اللَّهِ يَقُولُ: رَأَيْتُ رَسُولَ اللَّهِ صَلَّى اللهُ عَلَيْهِ وَسَلَّمَ يُصَلِّي وَهُوَ عَلَى رَاحِلَتِهِ النَّوَافِلَ فِي كُلِّ جِهَةٍ,"Abdul Majid bin Abdul Aziz mengabarkan kepada kami dari Ibnu Juraij, Abu Az-Zubair mengabarkan kepada kami bahwa ia pemah mendengar Jabir bin Abdullah berkata:

Aku pernah melihat Rasulullah SAW melakukan shalat sunah di atas kendaraannya dengan menghadap ke semua arah. 92","Abdul Majid bin Abdul Aziz reported to us from Ibn Juraij, Abu Az-Zubair reported to us that he had heard Jabir bin Abdullah say:

I once saw Rasulullah SAW performing sunnah prayers on his vehicle facing all directions. 92","['Abdul Majid bin Abdul Aziz', 'Ibn Juraij', 'Abu Az-Zubair', 'Jabir bin Abdullah']",Saya pernah melihat Rasulullah SAW menunaikan shalat sunnah di atas kendaraannya menghadap ke segala arah. 92,2,Arkanul Islam,23:4,وَالَّذِينَ هُمْ لِلزَّكَاةِ فَاعِلُونَ,dan orang-orang yang menunaikan zakat,15.92%
85,musnad_syafii,مسند الشافعي 85: أَخْبَرَنَا عَبْدُ الْمَجِيدِ بْنُ عَبْدِ الْعَزِيزِ، عَنِ ابْنِ جُرَيْجٍ، أَخْبَرَنِي أَبُو الزُّبَيْرِ، أَنَّهُ سَمِعَ جَابِرَ بْنَ عَبْدِ اللَّهِ يَقُولُ: رَأَيْتُ رَسُولَ اللَّهِ صَلَّى اللهُ عَلَيْهِ وَسَلَّمَ يُصَلِّي وَهُوَ عَلَى رَاحِلَتِهِ النَّوَافِلَ فِي كُلِّ جِهَةٍ,"Abdul Majid bin Abdul Aziz mengabarkan kepada kami dari Ibnu Juraij, Abu Az-Zubair mengabarkan kepada kami bahwa ia pemah mendengar Jabir bin Abdullah berkata:

Aku pernah melihat Rasulullah SAW melakukan shalat sunah di atas kendaraannya dengan menghadap ke semua arah. 92","Abdul Majid bin Abdul Aziz reported to us from Ibn Juraij, Abu Az-Zubair reported to us that he had heard Jabir bin Abdullah say:

I once saw Rasulullah SAW performing sunnah prayers on his vehicle facing all directions. 92","['Abdul Majid bin Abdul Aziz', 'Ibn Juraij', 'Abu Az-Zubair', 'Jabir bin Abdullah']",Saya pernah melihat Rasulullah SAW menunaikan shalat sunnah di atas kendaraannya menghadap ke segala arah. 92,2,Iman,23:4,وَالَّذِينَ هُمْ لِلزَّكَاةِ فَاعِلُونَ,dan orang-orang yang menunaikan zakat,15.92%
85,musnad_syafii,مسند الشافعي 85: أَخْبَرَنَا عَبْدُ الْمَجِيدِ بْنُ عَبْدِ الْعَزِيزِ، عَنِ ابْنِ جُرَيْجٍ، أَخْبَرَنِي أَبُو الزُّبَيْرِ، أَنَّهُ سَمِعَ جَابِرَ بْنَ عَبْدِ اللَّهِ يَقُولُ: رَأَيْتُ رَسُولَ اللَّهِ صَلَّى اللهُ عَلَيْهِ وَسَلَّمَ يُصَلِّي وَهُوَ عَلَى رَاحِلَتِهِ النَّوَافِلَ فِي كُلِّ جِهَةٍ,"Abdul Majid bin Abdul Aziz mengabarkan kepada kami dari Ibnu Juraij, Abu Az-Zubair mengabarkan kepada kami bahwa ia pemah mendengar Jabir bin Abdullah berkata:

Aku pernah melihat Rasulullah SAW melakukan shalat sunah di atas kendaraannya dengan menghadap ke semua arah. 92","Abdul Majid bin Abdul Aziz reported to us from Ibn Juraij, Abu Az-Zubair reported to us that he had heard Jabir bin Abdullah say:

I once saw Rasulullah SAW performing sunnah prayers on his vehicle facing all directions. 92","['Abdul Majid bin Abdul Aziz', 'Ibn Juraij', 'Abu Az-Zubair', 'Jabir bin Abdullah']",Saya pernah melihat Rasulullah SAW menunaikan shalat sunnah di atas kendaraannya menghadap ke segala arah. 92,3,Arkanul Islam,68:44,فَذَرْنِي وَمَنْ يُكَذِّبُ بِهَٰذَا الْحَدِيثِ ۖ سَنَسْتَدْرِجُهُمْ مِنْ حَيْثُ لَا يَعْلَمُونَ,Maka serahkanlah (ya Muhammad) kepada-Ku (urusan) orang-orang yang mendustakan perkataan ini (Al Qur'an). Nanti Kami akan menarik mereka dengan berangsur-angsur (ke arah kebinasaan) dari arah yang tidak mereka ketahui,14.74%
85,musnad_syafii,مسند الشافعي 85: أَخْبَرَنَا عَبْدُ الْمَجِيدِ بْنُ عَبْدِ الْعَزِيزِ، عَنِ ابْنِ جُرَيْجٍ، أَخْبَرَنِي أَبُو الزُّبَيْرِ، أَنَّهُ سَمِعَ جَابِرَ بْنَ عَبْدِ اللَّهِ يَقُولُ: رَأَيْتُ رَسُولَ اللَّهِ صَلَّى اللهُ عَلَيْهِ وَسَلَّمَ يُصَلِّي وَهُوَ عَلَى رَاحِلَتِهِ النَّوَافِلَ فِي كُلِّ جِهَةٍ,"Abdul Majid bin Abdul Aziz mengabarkan kepada kami dari Ibnu Juraij, Abu Az-Zubair mengabarkan kepada kami bahwa ia pemah mendengar Jabir bin Abdullah berkata:

Aku pernah melihat Rasulullah SAW melakukan shalat sunah di atas kendaraannya dengan menghadap ke semua arah. 92","Abdul Majid bin Abdul Aziz reported to us from Ibn Juraij, Abu Az-Zubair reported to us that he had heard Jabir bin Abdullah say:

I once saw Rasulullah SAW performing sunnah prayers on his vehicle facing all directions. 92","['Abdul Majid bin Abdul Aziz', 'Ibn Juraij', 'Abu Az-Zubair', 'Jabir bin Abdullah']",Saya pernah melihat Rasulullah SAW menunaikan shalat sunnah di atas kendaraannya menghadap ke segala arah. 92,3,Al Quran,68:44,فَذَرْنِي وَمَنْ يُكَذِّبُ بِهَٰذَا الْحَدِيثِ ۖ سَنَسْتَدْرِجُهُمْ مِنْ حَيْثُ لَا يَعْلَمُونَ,Maka serahkanlah (ya Muhammad) kepada-Ku (urusan) orang-orang yang mendustakan perkataan ini (Al Qur'an). Nanti Kami akan menarik mereka dengan berangsur-angsur (ke arah kebinasaan) dari arah yang tidak mereka ketahui,14.74%
964,muwatho_malik,"حَدَّثَنِي يَحْيَى عَنْ مَالِك عَنْ مُحَمَّدِ بْنِ يَحْيَى بْنِ حَبَّانَ عَنْ الْأَعْرَجِ عَنْ أَبِي هُرَيْرَةَ
أَنَّ رَسُولَ اللَّهِ صَلَّى اللَّهُ عَلَيْهِ وَسَلَّمَ قَالَ لَا يَخْطُبُ أَحَدُكُمْ عَلَى خِطْبَةِ أَخِيهِ","Telah menceritakan kepadaku Yahya dari Malik dari [Muhammad bin Yahya bin Habban] dari [Al A'raj] dari [Abu Hurairah] bahwa Rasulullah Shalla Allahu 'alaihi wa sallam bersabda: ""Janganlah salah seorang dari kalian melamar pinangan saudaranya.""","Yahya has told me from Malik from [Muhammad bin Yahya bin Habban] from [Al A'raj] from [Abu Hurairah] that the Messenger of Allah salla Allahu 'alaihi wa sallam said: ""Let none of you propose to his brother.""","['Yahya', 'Malik', 'Muhammad bin Yahya bin Habban', ""Al A'raj"", 'Abu Hurairah']",“Janganlah ada di antara kalian yang melamar saudaranya.”,1,Iman,70:12,وَصَاحِبَتِهِ وَأَخِيهِ,Dan istrinya dan saudaranya,27.74%
964,muwatho_malik,"حَدَّثَنِي يَحْيَى عَنْ مَالِك عَنْ مُحَمَّدِ بْنِ يَحْيَى بْنِ حَبَّانَ عَنْ الْأَعْرَجِ عَنْ أَبِي هُرَيْرَةَ
أَنَّ رَسُولَ اللَّهِ صَلَّى اللَّهُ عَلَيْهِ وَسَلَّمَ قَالَ لَا يَخْطُبُ أَحَدُكُمْ عَلَى خِطْبَةِ أَخِيهِ","Telah menceritakan kepadaku Yahya dari Malik dari [Muhammad bin Yahya bin Habban] dari [Al A'raj] dari [Abu Hurairah] bahwa Rasulullah Shalla Allahu 'alaihi wa sallam bersabda: ""Janganlah salah seorang dari kalian melamar pinangan saudaranya.""","Yahya has told me from Malik from [Muhammad bin Yahya bin Habban] from [Al A'raj] from [Abu Hurairah] that the Messenger of Allah salla Allahu 'alaihi wa sallam said: ""Let none of you propose to his brother.""","['Yahya', 'Malik', 'Muhammad bin Yahya bin Habban', ""Al A'raj"", 'Abu Hurairah']",“Janganlah ada di antara kalian yang melamar saudaranya.”,2,Iman,80:34,يَوْمَ يَفِرُّ الْمَرْءُ مِنْ أَخِيهِ,pada hari ketika manusia lari dari saudaranya,21.73%
964,muwatho_malik,"حَدَّثَنِي يَحْيَى عَنْ مَالِك عَنْ مُحَمَّدِ بْنِ يَحْيَى بْنِ حَبَّانَ عَنْ الْأَعْرَجِ عَنْ أَبِي هُرَيْرَةَ
أَنَّ رَسُولَ اللَّهِ صَلَّى اللَّهُ عَلَيْهِ وَسَلَّمَ قَالَ لَا يَخْطُبُ أَحَدُكُمْ عَلَى خِطْبَةِ أَخِيهِ","Telah menceritakan kepadaku Yahya dari Malik dari [Muhammad bin Yahya bin Habban] dari [Al A'raj] dari [Abu Hurairah] bahwa Rasulullah Shalla Allahu 'alaihi wa sallam bersabda: ""Janganlah salah seorang dari kalian melamar pinangan saudaranya.""","Yahya has told me from Malik from [Muhammad bin Yahya bin Habban] from [Al A'raj] from [Abu Hurairah] that the Messenger of Allah salla Allahu 'alaihi wa sallam said: ""Let none of you propose to his brother.""","['Yahya', 'Malik', 'Muhammad bin Yahya bin Habban', ""Al A'raj"", 'Abu Hurairah']",“Janganlah ada di antara kalian yang melamar saudaranya.”,3,Arkanul Islam,35:32,ثُمَّ أَوْرَثْنَا الْكِتَابَ الَّذِينَ اصْطَفَيْنَا مِنْ عِبَادِنَا ۖ فَمِنْهُمْ ظَالِمٌ لِنَفْسِهِ وَمِنْهُمْ مُقْتَصِدٌ وَمِنْهُمْ سَابِقٌ بِالْخَيْرَاتِ بِإِذْنِ اللَّهِ ۚ ذَٰلِكَ هُوَ الْفَضْلُ الْكَبِيرُ,Kemudian Kitab itu Kami wariskan kepada orang-orang yang Kami pilih di antara hamba-hamba Kami lalu di antara mereka ada yang menganiaya diri mereka sendiri dan di antara mereka ada yang pertengahan dan di antara mereka ada (pula) yang lebih dahulu berbuat kebaikan dengan izin Allah. Yang demikian itu adalah karunia yang amat besar.,20.67%
964,muwatho_malik,"حَدَّثَنِي يَحْيَى عَنْ مَالِك عَنْ مُحَمَّدِ بْنِ يَحْيَى بْنِ حَبَّانَ عَنْ الْأَعْرَجِ عَنْ أَبِي هُرَيْرَةَ
أَنَّ رَسُولَ اللَّهِ صَلَّى اللَّهُ عَلَيْهِ وَسَلَّمَ قَالَ لَا يَخْطُبُ أَحَدُكُمْ عَلَى خِطْبَةِ أَخِيهِ","Telah menceritakan kepadaku Yahya dari Malik dari [Muhammad bin Yahya bin Habban] dari [Al A'raj] dari [Abu Hurairah] bahwa Rasulullah Shalla Allahu 'alaihi wa sallam bersabda: ""Janganlah salah seorang dari kalian melamar pinangan saudaranya.""","Yahya has told me from Malik from [Muhammad bin Yahya bin Habban] from [Al A'raj] from [Abu Hurairah] that the Messenger of Allah salla Allahu 'alaihi wa sallam said: ""Let none of you propose to his brother.""","['Yahya', 'Malik', 'Muhammad bin Yahya bin Habban', ""Al A'raj"", 'Abu Hurairah']",“Janganlah ada di antara kalian yang melamar saudaranya.”,3,Iman,35:32,ثُمَّ أَوْرَثْنَا الْكِتَابَ الَّذِينَ اصْطَفَيْنَا مِنْ عِبَادِنَا ۖ فَمِنْهُمْ ظَالِمٌ لِنَفْسِهِ وَمِنْهُمْ مُقْتَصِدٌ وَمِنْهُمْ سَابِقٌ بِالْخَيْرَاتِ بِإِذْنِ اللَّهِ ۚ ذَٰلِكَ هُوَ الْفَضْلُ الْكَبِيرُ,Kemudian Kitab itu Kami wariskan kepada orang-orang yang Kami pilih di antara hamba-hamba Kami lalu di antara mereka ada yang menganiaya diri mereka sendiri dan di antara mereka ada yang pertengahan dan di antara mereka ada (pula) yang lebih dahulu berbuat kebaikan dengan izin Allah. Yang demikian itu adalah karunia yang amat besar.,20.67%
964,muwatho_malik,"حَدَّثَنِي يَحْيَى عَنْ مَالِك عَنْ مُحَمَّدِ بْنِ يَحْيَى بْنِ حَبَّانَ عَنْ الْأَعْرَجِ عَنْ أَبِي هُرَيْرَةَ
أَنَّ رَسُولَ اللَّهِ صَلَّى اللَّهُ عَلَيْهِ وَسَلَّمَ قَالَ لَا يَخْطُبُ أَحَدُكُمْ عَلَى خِطْبَةِ أَخِيهِ","Telah menceritakan kepadaku Yahya dari Malik dari [Muhammad bin Yahya bin Habban] dari [Al A'raj] dari [Abu Hurairah] bahwa Rasulullah Shalla Allahu 'alaihi wa sallam bersabda: ""Janganlah salah seorang dari kalian melamar pinangan saudaranya.""","Yahya has told me from Malik from [Muhammad bin Yahya bin Habban] from [Al A'raj] from [Abu Hurairah] that the Messenger of Allah salla Allahu 'alaihi wa sallam said: ""Let none of you propose to his brother.""","['Yahya', 'Malik', 'Muhammad bin Yahya bin Habban', ""Al A'raj"", 'Abu Hurairah']",“Janganlah ada di antara kalian yang melamar saudaranya.”,3,Al Quran,35:32,ثُمَّ أَوْرَثْنَا الْكِتَابَ الَّذِينَ اصْطَفَيْنَا مِنْ عِبَادِنَا ۖ فَمِنْهُمْ ظَالِمٌ لِنَفْسِهِ وَمِنْهُمْ مُقْتَصِدٌ وَمِنْهُمْ سَابِقٌ بِالْخَيْرَاتِ بِإِذْنِ اللَّهِ ۚ ذَٰلِكَ هُوَ الْفَضْلُ الْكَبِيرُ,Kemudian Kitab itu Kami wariskan kepada orang-orang yang Kami pilih di antara hamba-hamba Kami lalu di antara mereka ada yang menganiaya diri mereka sendiri dan di antara mereka ada yang pertengahan dan di antara mereka ada (pula) yang lebih dahulu berbuat kebaikan dengan izin Allah. Yang demikian itu adalah karunia yang amat besar.,20.67%
964,muwatho_malik,"حَدَّثَنِي يَحْيَى عَنْ مَالِك عَنْ مُحَمَّدِ بْنِ يَحْيَى بْنِ حَبَّانَ عَنْ الْأَعْرَجِ عَنْ أَبِي هُرَيْرَةَ
أَنَّ رَسُولَ اللَّهِ صَلَّى اللَّهُ عَلَيْهِ وَسَلَّمَ قَالَ لَا يَخْطُبُ أَحَدُكُمْ عَلَى خِطْبَةِ أَخِيهِ","Telah menceritakan kepadaku Yahya dari Malik dari [Muhammad bin Yahya bin Habban] dari [Al A'raj] dari [Abu Hurairah] bahwa Rasulullah Shalla Allahu 'alaihi wa sallam bersabda: ""Janganlah salah seorang dari kalian melamar pinangan saudaranya.""","Yahya has told me from Malik from [Muhammad bin Yahya bin Habban] from [Al A'raj] from [Abu Hurairah] that the Messenger of Allah salla Allahu 'alaihi wa sallam said: ""Let none of you propose to his brother.""","['Yahya', 'Malik', 'Muhammad bin Yahya bin Habban', ""Al A'raj"", 'Abu Hurairah']",“Janganlah ada di antara kalian yang melamar saudaranya.”,3,Amal,35:32,ثُمَّ أَوْرَثْنَا الْكِتَابَ الَّذِينَ اصْطَفَيْنَا مِنْ عِبَادِنَا ۖ فَمِنْهُمْ ظَالِمٌ لِنَفْسِهِ وَمِنْهُمْ مُقْتَصِدٌ وَمِنْهُمْ سَابِقٌ بِالْخَيْرَاتِ بِإِذْنِ اللَّهِ ۚ ذَٰلِكَ هُوَ الْفَضْلُ الْكَبِيرُ,Kemudian Kitab itu Kami wariskan kepada orang-orang yang Kami pilih di antara hamba-hamba Kami lalu di antara mereka ada yang menganiaya diri mereka sendiri dan di antara mereka ada yang pertengahan dan di antara mereka ada (pula) yang lebih dahulu berbuat kebaikan dengan izin Allah. Yang demikian itu adalah karunia yang amat besar.,20.67%
964,muwatho_malik,"حَدَّثَنِي يَحْيَى عَنْ مَالِك عَنْ مُحَمَّدِ بْنِ يَحْيَى بْنِ حَبَّانَ عَنْ الْأَعْرَجِ عَنْ أَبِي هُرَيْرَةَ
أَنَّ رَسُولَ اللَّهِ صَلَّى اللَّهُ عَلَيْهِ وَسَلَّمَ قَالَ لَا يَخْطُبُ أَحَدُكُمْ عَلَى خِطْبَةِ أَخِيهِ","Telah menceritakan kepadaku Yahya dari Malik dari [Muhammad bin Yahya bin Habban] dari [Al A'raj] dari [Abu Hurairah] bahwa Rasulullah Shalla Allahu 'alaihi wa sallam bersabda: ""Janganlah salah seorang dari kalian melamar pinangan saudaranya.""","Yahya has told me from Malik from [Muhammad bin Yahya bin Habban] from [Al A'raj] from [Abu Hurairah] that the Messenger of Allah salla Allahu 'alaihi wa sallam said: ""Let none of you propose to his brother.""","['Yahya', 'Malik', 'Muhammad bin Yahya bin Habban', ""Al A'raj"", 'Abu Hurairah']",“Janganlah ada di antara kalian yang melamar saudaranya.”,3,Akhlak,35:32,ثُمَّ أَوْرَثْنَا الْكِتَابَ الَّذِينَ اصْطَفَيْنَا مِنْ عِبَادِنَا ۖ فَمِنْهُمْ ظَالِمٌ لِنَفْسِهِ وَمِنْهُمْ مُقْتَصِدٌ وَمِنْهُمْ سَابِقٌ بِالْخَيْرَاتِ بِإِذْنِ اللَّهِ ۚ ذَٰلِكَ هُوَ الْفَضْلُ الْكَبِيرُ,Kemudian Kitab itu Kami wariskan kepada orang-orang yang Kami pilih di antara hamba-hamba Kami lalu di antara mereka ada yang menganiaya diri mereka sendiri dan di antara mereka ada yang pertengahan dan di antara mereka ada (pula) yang lebih dahulu berbuat kebaikan dengan izin Allah. Yang demikian itu adalah karunia yang amat besar.,20.67%
1077,shahih_bukhari,"حَدَّثَنَا عَبْدُ اللَّهِ بْنُ مَسْلَمَةَ عَنْ مَالِكٍ عَنْ ابْنِ شِهَابٍ عَنْ أَبِي سَلَمَةَ وَأَبِي عَبْدِ اللَّهِ الْأَغَرِّ عَنْ أَبِي هُرَيْرَةَ رَضِيَ اللَّهُ عَنْهُ
أَنَّ رَسُولَ اللَّهِ صَلَّى اللَّهُ عَلَيْهِ وَسَلَّمَ قَالَ يَنْزِلُ رَبُّنَا تَبَارَكَ وَتَعَالَى كُلَّ لَيْلَةٍ إِلَى السَّمَاءِ الدُّنْيَا حِينَ يَبْقَى ثُلُثُ اللَّيْلِ الْآخِرُ يَقُولُ مَنْ يَدْعُونِي فَأَسْتَجِيبَ لَهُ مَنْ يَسْأَلُنِي فَأُعْطِيَهُ مَنْ يَسْتَغْفِرُنِي فَأَغْفِرَ لَهُ","Telah menceritakan kepada kami ['Abdullah bin Maslamah] dari [Malik] dari [Ibnu Syihab] dari [Abu Salamah] dan [Abu 'Abdullah Al Aghor] dari [Abu Hurairah radliallahu 'anhu] bahwa Rasulullah shallallahu 'alaihi wasallam bersabda: ""Rabb Tabaaraka wa Ta'ala kita turun di setiap malam ke langit dunia pada sepertiga malam terakhir dan berfirman: ""Siapa yang berdo'a kepadaKu pasti Aku kabulkan dan siapa yang meminta kepadaKu pasti Aku penuhi dan siapa yang memohon ampun kepadaKu pasti Aku ampuni"".","It has been told to us ['Abdullah bin Maslamah] from [Malik] from [Ibn Shihab] from [Abu Salamah] and [Abu 'Abdullah Al Aghor] from [Abu Hurairah radliallahu 'anhu] that the Messenger of Allah sallallaahu 'alaihi wasallam said: ""Rabb Our Tabaaraka wa Ta'ala descends every night into the heavens of the world in the last third of the night and says: ""Whoever prays to Me I will surely grant and whoever asks Me I will definitely fulfill and whoever asks Me for forgiveness I will definitely forgive.""","['Abdullah bin Maslamah', 'Malik', 'Ibn Shihab', 'Abu Salamah', 'Abdullah Al Aghor', 'Abu Hurairah']","“Rabb Tabaaraka wa Ta’ala kami turun setiap malam ke langit dunia pada sepertiga malam terakhir dan bersabda: “Barangsiapa yang berdoa kepada-Ku pasti akan Aku kabulkan dan siapa yang meminta kepada-Ku pasti akan Kukabulkan dan barangsiapa yang meminta ampun kepada-Ku. Aku pasti akan memaafkannya.""",1,Arkanul Islam,14:14,وَلَنُسْكِنَنَّكُمُ الْأَرْضَ مِنْ بَعْدِهِمْ ۚ ذَٰلِكَ لِمَنْ خَافَ مَقَامِي وَخَافَ وَعِيدِ,dan Kami pasti akan menempatkan kamu di negeri-negeri itu sesudah mereka. Yang demikian itu (adalah untuk) orang-orang yang takut (akan menghadap) ke hadirat-Ku dan yang takut kepada ancaman-Ku.,25.47%
1077,shahih_bukhari,"حَدَّثَنَا عَبْدُ اللَّهِ بْنُ مَسْلَمَةَ عَنْ مَالِكٍ عَنْ ابْنِ شِهَابٍ عَنْ أَبِي سَلَمَةَ وَأَبِي عَبْدِ اللَّهِ الْأَغَرِّ عَنْ أَبِي هُرَيْرَةَ رَضِيَ اللَّهُ عَنْهُ
أَنَّ رَسُولَ اللَّهِ صَلَّى اللَّهُ عَلَيْهِ وَسَلَّمَ قَالَ يَنْزِلُ رَبُّنَا تَبَارَكَ وَتَعَالَى كُلَّ لَيْلَةٍ إِلَى السَّمَاءِ الدُّنْيَا حِينَ يَبْقَى ثُلُثُ اللَّيْلِ الْآخِرُ يَقُولُ مَنْ يَدْعُونِي فَأَسْتَجِيبَ لَهُ مَنْ يَسْأَلُنِي فَأُعْطِيَهُ مَنْ يَسْتَغْفِرُنِي فَأَغْفِرَ لَهُ","Telah menceritakan kepada kami ['Abdullah bin Maslamah] dari [Malik] dari [Ibnu Syihab] dari [Abu Salamah] dan [Abu 'Abdullah Al Aghor] dari [Abu Hurairah radliallahu 'anhu] bahwa Rasulullah shallallahu 'alaihi wasallam bersabda: ""Rabb Tabaaraka wa Ta'ala kita turun di setiap malam ke langit dunia pada sepertiga malam terakhir dan berfirman: ""Siapa yang berdo'a kepadaKu pasti Aku kabulkan dan siapa yang meminta kepadaKu pasti Aku penuhi dan siapa yang memohon ampun kepadaKu pasti Aku ampuni"".","It has been told to us ['Abdullah bin Maslamah] from [Malik] from [Ibn Shihab] from [Abu Salamah] and [Abu 'Abdullah Al Aghor] from [Abu Hurairah radliallahu 'anhu] that the Messenger of Allah sallallaahu 'alaihi wasallam said: ""Rabb Our Tabaaraka wa Ta'ala descends every night into the heavens of the world in the last third of the night and says: ""Whoever prays to Me I will surely grant and whoever asks Me I will definitely fulfill and whoever asks Me for forgiveness I will definitely forgive.""","['Abdullah bin Maslamah', 'Malik', 'Ibn Shihab', 'Abu Salamah', 'Abdullah Al Aghor', 'Abu Hurairah']","“Rabb Tabaaraka wa Ta’ala kami turun setiap malam ke langit dunia pada sepertiga malam terakhir dan bersabda: “Barangsiapa yang berdoa kepada-Ku pasti akan Aku kabulkan dan siapa yang meminta kepada-Ku pasti akan Kukabulkan dan barangsiapa yang meminta ampun kepada-Ku. Aku pasti akan memaafkannya.""",1,Sejarah dan Kisah-kisah,14:14,وَلَنُسْكِنَنَّكُمُ الْأَرْضَ مِنْ بَعْدِهِمْ ۚ ذَٰلِكَ لِمَنْ خَافَ مَقَامِي وَخَافَ وَعِيدِ,dan Kami pasti akan menempatkan kamu di negeri-negeri itu sesudah mereka. Yang demikian itu (adalah untuk) orang-orang yang takut (akan menghadap) ke hadirat-Ku dan yang takut kepada ancaman-Ku.,25.47%
1077,shahih_bukhari,"حَدَّثَنَا عَبْدُ اللَّهِ بْنُ مَسْلَمَةَ عَنْ مَالِكٍ عَنْ ابْنِ شِهَابٍ عَنْ أَبِي سَلَمَةَ وَأَبِي عَبْدِ اللَّهِ الْأَغَرِّ عَنْ أَبِي هُرَيْرَةَ رَضِيَ اللَّهُ عَنْهُ
أَنَّ رَسُولَ اللَّهِ صَلَّى اللَّهُ عَلَيْهِ وَسَلَّمَ قَالَ يَنْزِلُ رَبُّنَا تَبَارَكَ وَتَعَالَى كُلَّ لَيْلَةٍ إِلَى السَّمَاءِ الدُّنْيَا حِينَ يَبْقَى ثُلُثُ اللَّيْلِ الْآخِرُ يَقُولُ مَنْ يَدْعُونِي فَأَسْتَجِيبَ لَهُ مَنْ يَسْأَلُنِي فَأُعْطِيَهُ مَنْ يَسْتَغْفِرُنِي فَأَغْفِرَ لَهُ","Telah menceritakan kepada kami ['Abdullah bin Maslamah] dari [Malik] dari [Ibnu Syihab] dari [Abu Salamah] dan [Abu 'Abdullah Al Aghor] dari [Abu Hurairah radliallahu 'anhu] bahwa Rasulullah shallallahu 'alaihi wasallam bersabda: ""Rabb Tabaaraka wa Ta'ala kita turun di setiap malam ke langit dunia pada sepertiga malam terakhir dan berfirman: ""Siapa yang berdo'a kepadaKu pasti Aku kabulkan dan siapa yang meminta kepadaKu pasti Aku penuhi dan siapa yang memohon ampun kepadaKu pasti Aku ampuni"".","It has been told to us ['Abdullah bin Maslamah] from [Malik] from [Ibn Shihab] from [Abu Salamah] and [Abu 'Abdullah Al Aghor] from [Abu Hurairah radliallahu 'anhu] that the Messenger of Allah sallallaahu 'alaihi wasallam said: ""Rabb Our Tabaaraka wa Ta'ala descends every night into the heavens of the world in the last third of the night and says: ""Whoever prays to Me I will surely grant and whoever asks Me I will definitely fulfill and whoever asks Me for forgiveness I will definitely forgive.""","['Abdullah bin Maslamah', 'Malik', 'Ibn Shihab', 'Abu Salamah', 'Abdullah Al Aghor', 'Abu Hurairah']","“Rabb Tabaaraka wa Ta’ala kami turun setiap malam ke langit dunia pada sepertiga malam terakhir dan bersabda: “Barangsiapa yang berdoa kepada-Ku pasti akan Aku kabulkan dan siapa yang meminta kepada-Ku pasti akan Kukabulkan dan barangsiapa yang meminta ampun kepada-Ku. Aku pasti akan memaafkannya.""",2,Arkanul Islam,2:152,فَاذْكُرُونِي أَذْكُرْكُمْ وَاشْكُرُوا لِي وَلَا تَكْفُرُونِ,Karena itu ingatlah kamu kepada-Ku niscaya Aku ingat (pula) kepadamu dan bersyukurlah kepada-Ku dan janganlah kamu mengingkari (nikmat)-Ku.,25.09%
1077,shahih_bukhari,"حَدَّثَنَا عَبْدُ اللَّهِ بْنُ مَسْلَمَةَ عَنْ مَالِكٍ عَنْ ابْنِ شِهَابٍ عَنْ أَبِي سَلَمَةَ وَأَبِي عَبْدِ اللَّهِ الْأَغَرِّ عَنْ أَبِي هُرَيْرَةَ رَضِيَ اللَّهُ عَنْهُ
أَنَّ رَسُولَ اللَّهِ صَلَّى اللَّهُ عَلَيْهِ وَسَلَّمَ قَالَ يَنْزِلُ رَبُّنَا تَبَارَكَ وَتَعَالَى كُلَّ لَيْلَةٍ إِلَى السَّمَاءِ الدُّنْيَا حِينَ يَبْقَى ثُلُثُ اللَّيْلِ الْآخِرُ يَقُولُ مَنْ يَدْعُونِي فَأَسْتَجِيبَ لَهُ مَنْ يَسْأَلُنِي فَأُعْطِيَهُ مَنْ يَسْتَغْفِرُنِي فَأَغْفِرَ لَهُ","Telah menceritakan kepada kami ['Abdullah bin Maslamah] dari [Malik] dari [Ibnu Syihab] dari [Abu Salamah] dan [Abu 'Abdullah Al Aghor] dari [Abu Hurairah radliallahu 'anhu] bahwa Rasulullah shallallahu 'alaihi wasallam bersabda: ""Rabb Tabaaraka wa Ta'ala kita turun di setiap malam ke langit dunia pada sepertiga malam terakhir dan berfirman: ""Siapa yang berdo'a kepadaKu pasti Aku kabulkan dan siapa yang meminta kepadaKu pasti Aku penuhi dan siapa yang memohon ampun kepadaKu pasti Aku ampuni"".","It has been told to us ['Abdullah bin Maslamah] from [Malik] from [Ibn Shihab] from [Abu Salamah] and [Abu 'Abdullah Al Aghor] from [Abu Hurairah radliallahu 'anhu] that the Messenger of Allah sallallaahu 'alaihi wasallam said: ""Rabb Our Tabaaraka wa Ta'ala descends every night into the heavens of the world in the last third of the night and says: ""Whoever prays to Me I will surely grant and whoever asks Me I will definitely fulfill and whoever asks Me for forgiveness I will definitely forgive.""","['Abdullah bin Maslamah', 'Malik', 'Ibn Shihab', 'Abu Salamah', 'Abdullah Al Aghor', 'Abu Hurairah']","“Rabb Tabaaraka wa Ta’ala kami turun setiap malam ke langit dunia pada sepertiga malam terakhir dan bersabda: “Barangsiapa yang berdoa kepada-Ku pasti akan Aku kabulkan dan siapa yang meminta kepada-Ku pasti akan Kukabulkan dan barangsiapa yang meminta ampun kepada-Ku. Aku pasti akan memaafkannya.""",2,Iman,2:152,فَاذْكُرُونِي أَذْكُرْكُمْ وَاشْكُرُوا لِي وَلَا تَكْفُرُونِ,Karena itu ingatlah kamu kepada-Ku niscaya Aku ingat (pula) kepadamu dan bersyukurlah kepada-Ku dan janganlah kamu mengingkari (nikmat)-Ku.,25.09%
1077,shahih_bukhari,"حَدَّثَنَا عَبْدُ اللَّهِ بْنُ مَسْلَمَةَ عَنْ مَالِكٍ عَنْ ابْنِ شِهَابٍ عَنْ أَبِي سَلَمَةَ وَأَبِي عَبْدِ اللَّهِ الْأَغَرِّ عَنْ أَبِي هُرَيْرَةَ رَضِيَ اللَّهُ عَنْهُ
أَنَّ رَسُولَ اللَّهِ صَلَّى اللَّهُ عَلَيْهِ وَسَلَّمَ قَالَ يَنْزِلُ رَبُّنَا تَبَارَكَ وَتَعَالَى كُلَّ لَيْلَةٍ إِلَى السَّمَاءِ الدُّنْيَا حِينَ يَبْقَى ثُلُثُ اللَّيْلِ الْآخِرُ يَقُولُ مَنْ يَدْعُونِي فَأَسْتَجِيبَ لَهُ مَنْ يَسْأَلُنِي فَأُعْطِيَهُ مَنْ يَسْتَغْفِرُنِي فَأَغْفِرَ لَهُ","Telah menceritakan kepada kami ['Abdullah bin Maslamah] dari [Malik] dari [Ibnu Syihab] dari [Abu Salamah] dan [Abu 'Abdullah Al Aghor] dari [Abu Hurairah radliallahu 'anhu] bahwa Rasulullah shallallahu 'alaihi wasallam bersabda: ""Rabb Tabaaraka wa Ta'ala kita turun di setiap malam ke langit dunia pada sepertiga malam terakhir dan berfirman: ""Siapa yang berdo'a kepadaKu pasti Aku kabulkan dan siapa yang meminta kepadaKu pasti Aku penuhi dan siapa yang memohon ampun kepadaKu pasti Aku ampuni"".","It has been told to us ['Abdullah bin Maslamah] from [Malik] from [Ibn Shihab] from [Abu Salamah] and [Abu 'Abdullah Al Aghor] from [Abu Hurairah radliallahu 'anhu] that the Messenger of Allah sallallaahu 'alaihi wasallam said: ""Rabb Our Tabaaraka wa Ta'ala descends every night into the heavens of the world in the last third of the night and says: ""Whoever prays to Me I will surely grant and whoever asks Me I will definitely fulfill and whoever asks Me for forgiveness I will definitely forgive.""","['Abdullah bin Maslamah', 'Malik', 'Ibn Shihab', 'Abu Salamah', 'Abdullah Al Aghor', 'Abu Hurairah']","“Rabb Tabaaraka wa Ta’ala kami turun setiap malam ke langit dunia pada sepertiga malam terakhir dan bersabda: “Barangsiapa yang berdoa kepada-Ku pasti akan Aku kabulkan dan siapa yang meminta kepada-Ku pasti akan Kukabulkan dan barangsiapa yang meminta ampun kepada-Ku. Aku pasti akan memaafkannya.""",3,Akhlak,2:40,يَا بَنِي إِسْرَائِيلَ اذْكُرُوا نِعْمَتِيَ الَّتِي أَنْعَمْتُ عَلَيْكُمْ وَأَوْفُوا بِعَهْدِي أُوفِ بِعَهْدِكُمْ وَإِيَّايَ فَارْهَبُونِ,Hai Bani Israel ingatlah akan nikmat-Ku yang telah Aku anugerahkan kepadamu dan penuhilah janjimu kepada-Ku niscaya Aku penuhi janji-Ku kepadamu dan hanya kepada-Ku-lah kamu harus takut (tunduk).,25.01%
1077,shahih_bukhari,"حَدَّثَنَا عَبْدُ اللَّهِ بْنُ مَسْلَمَةَ عَنْ مَالِكٍ عَنْ ابْنِ شِهَابٍ عَنْ أَبِي سَلَمَةَ وَأَبِي عَبْدِ اللَّهِ الْأَغَرِّ عَنْ أَبِي هُرَيْرَةَ رَضِيَ اللَّهُ عَنْهُ
أَنَّ رَسُولَ اللَّهِ صَلَّى اللَّهُ عَلَيْهِ وَسَلَّمَ قَالَ يَنْزِلُ رَبُّنَا تَبَارَكَ وَتَعَالَى كُلَّ لَيْلَةٍ إِلَى السَّمَاءِ الدُّنْيَا حِينَ يَبْقَى ثُلُثُ اللَّيْلِ الْآخِرُ يَقُولُ مَنْ يَدْعُونِي فَأَسْتَجِيبَ لَهُ مَنْ يَسْأَلُنِي فَأُعْطِيَهُ مَنْ يَسْتَغْفِرُنِي فَأَغْفِرَ لَهُ","Telah menceritakan kepada kami ['Abdullah bin Maslamah] dari [Malik] dari [Ibnu Syihab] dari [Abu Salamah] dan [Abu 'Abdullah Al Aghor] dari [Abu Hurairah radliallahu 'anhu] bahwa Rasulullah shallallahu 'alaihi wasallam bersabda: ""Rabb Tabaaraka wa Ta'ala kita turun di setiap malam ke langit dunia pada sepertiga malam terakhir dan berfirman: ""Siapa yang berdo'a kepadaKu pasti Aku kabulkan dan siapa yang meminta kepadaKu pasti Aku penuhi dan siapa yang memohon ampun kepadaKu pasti Aku ampuni"".","It has been told to us ['Abdullah bin Maslamah] from [Malik] from [Ibn Shihab] from [Abu Salamah] and [Abu 'Abdullah Al Aghor] from [Abu Hurairah radliallahu 'anhu] that the Messenger of Allah sallallaahu 'alaihi wasallam said: ""Rabb Our Tabaaraka wa Ta'ala descends every night into the heavens of the world in the last third of the night and says: ""Whoever prays to Me I will surely grant and whoever asks Me I will definitely fulfill and whoever asks Me for forgiveness I will definitely forgive.""","['Abdullah bin Maslamah', 'Malik', 'Ibn Shihab', 'Abu Salamah', 'Abdullah Al Aghor', 'Abu Hurairah']","“Rabb Tabaaraka wa Ta’ala kami turun setiap malam ke langit dunia pada sepertiga malam terakhir dan bersabda: “Barangsiapa yang berdoa kepada-Ku pasti akan Aku kabulkan dan siapa yang meminta kepada-Ku pasti akan Kukabulkan dan barangsiapa yang meminta ampun kepada-Ku. Aku pasti akan memaafkannya.""",3,Hukum,2:40,يَا بَنِي إِسْرَائِيلَ اذْكُرُوا نِعْمَتِيَ الَّتِي أَنْعَمْتُ عَلَيْكُمْ وَأَوْفُوا بِعَهْدِي أُوفِ بِعَهْدِكُمْ وَإِيَّايَ فَارْهَبُونِ,Hai Bani Israel ingatlah akan nikmat-Ku yang telah Aku anugerahkan kepadamu dan penuhilah janjimu kepada-Ku niscaya Aku penuhi janji-Ku kepadamu dan hanya kepada-Ku-lah kamu harus takut (tunduk).,25.01%
1077,shahih_bukhari,"حَدَّثَنَا عَبْدُ اللَّهِ بْنُ مَسْلَمَةَ عَنْ مَالِكٍ عَنْ ابْنِ شِهَابٍ عَنْ أَبِي سَلَمَةَ وَأَبِي عَبْدِ اللَّهِ الْأَغَرِّ عَنْ أَبِي هُرَيْرَةَ رَضِيَ اللَّهُ عَنْهُ
أَنَّ رَسُولَ اللَّهِ صَلَّى اللَّهُ عَلَيْهِ وَسَلَّمَ قَالَ يَنْزِلُ رَبُّنَا تَبَارَكَ وَتَعَالَى كُلَّ لَيْلَةٍ إِلَى السَّمَاءِ الدُّنْيَا حِينَ يَبْقَى ثُلُثُ اللَّيْلِ الْآخِرُ يَقُولُ مَنْ يَدْعُونِي فَأَسْتَجِيبَ لَهُ مَنْ يَسْأَلُنِي فَأُعْطِيَهُ مَنْ يَسْتَغْفِرُنِي فَأَغْفِرَ لَهُ","Telah menceritakan kepada kami ['Abdullah bin Maslamah] dari [Malik] dari [Ibnu Syihab] dari [Abu Salamah] dan [Abu 'Abdullah Al Aghor] dari [Abu Hurairah radliallahu 'anhu] bahwa Rasulullah shallallahu 'alaihi wasallam bersabda: ""Rabb Tabaaraka wa Ta'ala kita turun di setiap malam ke langit dunia pada sepertiga malam terakhir dan berfirman: ""Siapa yang berdo'a kepadaKu pasti Aku kabulkan dan siapa yang meminta kepadaKu pasti Aku penuhi dan siapa yang memohon ampun kepadaKu pasti Aku ampuni"".","It has been told to us ['Abdullah bin Maslamah] from [Malik] from [Ibn Shihab] from [Abu Salamah] and [Abu 'Abdullah Al Aghor] from [Abu Hurairah radliallahu 'anhu] that the Messenger of Allah sallallaahu 'alaihi wasallam said: ""Rabb Our Tabaaraka wa Ta'ala descends every night into the heavens of the world in the last third of the night and says: ""Whoever prays to Me I will surely grant and whoever asks Me I will definitely fulfill and whoever asks Me for forgiveness I will definitely forgive.""","['Abdullah bin Maslamah', 'Malik', 'Ibn Shihab', 'Abu Salamah', 'Abdullah Al Aghor', 'Abu Hurairah']","“Rabb Tabaaraka wa Ta’ala kami turun setiap malam ke langit dunia pada sepertiga malam terakhir dan bersabda: “Barangsiapa yang berdoa kepada-Ku pasti akan Aku kabulkan dan siapa yang meminta kepada-Ku pasti akan Kukabulkan dan barangsiapa yang meminta ampun kepada-Ku. Aku pasti akan memaafkannya.""",3,Agama-agama,2:40,يَا بَنِي إِسْرَائِيلَ اذْكُرُوا نِعْمَتِيَ الَّتِي أَنْعَمْتُ عَلَيْكُمْ وَأَوْفُوا بِعَهْدِي أُوفِ بِعَهْدِكُمْ وَإِيَّايَ فَارْهَبُونِ,Hai Bani Israel ingatlah akan nikmat-Ku yang telah Aku anugerahkan kepadamu dan penuhilah janjimu kepada-Ku niscaya Aku penuhi janji-Ku kepadamu dan hanya kepada-Ku-lah kamu harus takut (tunduk).,25.01%
4,shahih_muslim,"و حَدَّثَنَا مُحَمَّدُ بْنُ عُبَيْدٍ الْغُبَرِيُّ حَدَّثَنَا أَبُو عَوَانَةَ عَنْ أَبِي حَصِينٍ عَنْ أَبِي صَالِحٍ عَنْ أَبِي هُرَيْرَةَ قَالَ
قَالَ رَسُولُ اللَّهِ صَلَّى اللَّهُ عَلَيْهِ وَسَلَّمَ مَنْ كَذَبَ عَلَيَّ مُتَعَمِّدًا فَلْيَتَبَوَّأْ مَقْعَدَهُ مِنْ النَّارِ","Telah menceritakan kepada kami [Muhammad bin Ubaid al-Ghubari] telah menceritakan kepada kami [Abu Awanah] dari [Abu Hashin] dari [Abu Shalih] dari [Abu Hurairah] dia berkata, ""Rasulullah shallallahu 'alaihi wasallam bersabda: ""Barangsiapa berdusta atas namaku maka hendaklah dia menempati tempat duduknya dari neraka.""","Has told us [Muhammad bin Ubaid al-Ghubari] has told us [Abu Awanah] from [Abu Hashin] from [Abu Salih] from [Abu Hurairah] he said, ""The Messenger of Allah sallallaahu 'alaihi wasallam said: ""Whoever lies about my name, let him take his seat from hell.""","['Muhammad bin Ubaid al-Ghubari', 'Abu Awanah', 'Abu Hashin', 'Abu Salih', 'Abu Hurairah']","“Rasulullah Shallallahu ‘alaihi wasallam bersabda: “Barangsiapa berbohong tentang namaku, hendaklah dia mengambil tempat duduknya dari neraka.”",2,Arkanul Islam,22:15,مَنْ كَانَ يَظُنُّ أَنْ لَنْ يَنْصُرَهُ اللَّهُ فِي الدُّنْيَا وَالْآخِرَةِ فَلْيَمْدُدْ بِسَبَبٍ إِلَى السَّمَاءِ ثُمَّ لْيَقْطَعْ فَلْيَنْظُرْ هَلْ يُذْهِبَنَّ كَيْدُهُ مَا يَغِيظُ,Barangsiapa yang menyangka bahwa Allah sekali-kali tiada menolongnya (Muhammad) di dunia dan akhirat maka hendaklah ia merentangkan tali ke langit kemudian hendaklah ia melaluinya kemudian hendaklah ia pikirkan apakah tipu dayanya itu dapat melenyapkan apa yang menyakitkan hatinya.,13.02%
4,shahih_muslim,"و حَدَّثَنَا مُحَمَّدُ بْنُ عُبَيْدٍ الْغُبَرِيُّ حَدَّثَنَا أَبُو عَوَانَةَ عَنْ أَبِي حَصِينٍ عَنْ أَبِي صَالِحٍ عَنْ أَبِي هُرَيْرَةَ قَالَ
قَالَ رَسُولُ اللَّهِ صَلَّى اللَّهُ عَلَيْهِ وَسَلَّمَ مَنْ كَذَبَ عَلَيَّ مُتَعَمِّدًا فَلْيَتَبَوَّأْ مَقْعَدَهُ مِنْ النَّارِ","Telah menceritakan kepada kami [Muhammad bin Ubaid al-Ghubari] telah menceritakan kepada kami [Abu Awanah] dari [Abu Hashin] dari [Abu Shalih] dari [Abu Hurairah] dia berkata, ""Rasulullah shallallahu 'alaihi wasallam bersabda: ""Barangsiapa berdusta atas namaku maka hendaklah dia menempati tempat duduknya dari neraka.""","Has told us [Muhammad bin Ubaid al-Ghubari] has told us [Abu Awanah] from [Abu Hashin] from [Abu Salih] from [Abu Hurairah] he said, ""The Messenger of Allah sallallaahu 'alaihi wasallam said: ""Whoever lies about my name, let him take his seat from hell.""","['Muhammad bin Ubaid al-Ghubari', 'Abu Awanah', 'Abu Hashin', 'Abu Salih', 'Abu Hurairah']","“Rasulullah Shallallahu ‘alaihi wasallam bersabda: “Barangsiapa berbohong tentang namaku, hendaklah dia mengambil tempat duduknya dari neraka.”",3,Iman,23:103,وَمَنْ خَفَّتْ مَوَازِينُهُ فَأُولَٰئِكَ الَّذِينَ خَسِرُوا أَنْفُسَهُمْ فِي جَهَنَّمَ خَالِدُونَ,Dan barangsiapa yang ringan timbangannya maka mereka itulah orang-orang yang merugikan dirinya sendiri mereka kekal di dalam neraka Jahanam.,12.44%
